dosya,bolum,metin
wake_gentle_1.mp3,"Alarm çalarken – nazik","Günaydın [adın]. Yavaş yavaş gözlerini aç, uyanma vakti geldi. Uyandığında ekrana dokun."
wake_gentle_2.mp3,"Alarm çalarken – nazik","[adın], yeni bir gün başladı. Derin bir nefes al, gözlerini aç ve ekrana dokun."
wake_gentle_3.mp3,"Alarm çalarken – nazik","Günaydın [adın]. Hadi, yavaş yavaş uyanıyoruz. Hazır olunca ekrana dokun."
wake_gentle_4.mp3,"Alarm çalarken – nazik","[adın], uyanma zamanı. Önce kocaman bir esne, sonra ekrana dokun."
wake_gentle_5.mp3,"Alarm çalarken – nazik","Sabah oldu [adın]. Yeni bir gün seni bekliyor. Gözlerini aç ve ekrana dokun."
wake_reason_1.mp3,"Alarm çalarken – motive edici","[adın], unutma: bugün seni bekleyen güzel bir şey var. Kalkmak için harika bir sebep! Ekrana dokun."
wake_reason_2.mp3,"Alarm çalarken – motive edici","Dün akşam kendine bir söz verdin. Hadi o sözü tutalım [adın]. Ekrana dokun."
wake_streak_1.mp3,"Alarm çalarken – motive edici","[adın], günlerdir zinciri kırmadın. Bugün de kırmayalım! Ekrana dokun."
wake_inertia.mp3,"Alarm çalarken – motive edici","Şu an hissettiğin ağırlık tamamen normal, adı uyku ataleti. Ayağa kalktığın an hızla geçecek. Ekrana dokun."
wake_snooze_science.mp3,"Alarm çalarken – motive edici","Bilim diyor ki: ertelemek seni daha da sersemletir, çünkü uyku döngüsünü yeniden başlatır. En kolay yol şimdi kalkmak. Ekrana dokun."
wake_future_self.mp3,"Alarm çalarken – motive edici","Yarım saat sonraki sen, şimdi kalktığın için sana teşekkür edecek [adın]. Ekrana dokun."
wake_light.mp3,"Alarm çalarken – motive edici","Perdeyi açtığın an ışık beynine ""gün başladı"" diyecek ve uyku hormonun azalacak. Önce ekrana dokun."
wake_first_step.mp3,"Alarm çalarken – motive edici","Bugün sadece ilk adımı at: ekrana dokun. Gerisini birlikte yapacağız."
wake_quiet_hours.mp3,"Alarm çalarken – motive edici","[adın], sabahın bu sakin saatleri senin. Onları kaçırma, ekrana dokun."
wake_countdown.mp3,"Alarm çalarken – enerjik","[adın]! Beşten geriye sayıyorum: beş, dört, üç, iki, bir! Kalk ve ekrana dokun!"
wake_blanket.mp3,"Alarm çalarken – enerjik","Hadi [adın]! Battaniyeyi at, ayaklarını yere bas! Gün seni bekliyor, ekrana dokun!"
wake_mission.mp3,"Alarm çalarken – enerjik","[adın], bu bir uyandırma görevi! Ekrana dokunana kadar susmayacağım!"
wake_reason_3.mp3,"Alarm çalarken – enerjik","Seni bekleyen şeyi kaçırmak istemezsin [adın]. Kalk, kalk, kalk! Ekrana dokun!"
wake_streak_2.mp3,"Alarm çalarken – enerjik","[adın], serini bugün bozmak yok! Hemen ekrana dokun!"
wake_promise.mp3,"Alarm çalarken – enerjik","Sen sözünü tutan birisin [adın]. Bunu şimdi kanıtla: gözlerini aç ve ekrana dokun!"
awake_1.mp3,"Uyandığında","Harika, uyandın! Günaydın [adın]."
awake_2.mp3,"Uyandığında","İşte bu! Günaydın [adın], seni görmek güzel."
awake_3.mp3,"Uyandığında","Süpersin [adın]! İlk ve en zor adımı attın."
awake_fast.mp3,"Uyandığında","Çok hızlı uyandın, bu harika bir başlangıç."
day_1.mp3,"Uyandığında","Bugün pazartesi. Yeni bir hafta, yeni bir başlangıç. Haftaya güçlü gir!"
day_2.mp3,"Uyandığında","Bugün salı. Dünkü ivmeyi koru, harika gidiyorsun."
day_3.mp3,"Uyandığında","Bugün çarşamba. Haftanın ortasındayız, ivmeni koru."
day_4.mp3,"Uyandığında","Bugün perşembe. Hafta sonuna az kaldı, güçlü devam!"
day_5.mp3,"Uyandığında","Cuma geldi! Haftanın son düzlüğü, bitir şunu!"
day_6.mp3,"Uyandığında","Bugün cumartesi. Hafta sonu erken kalkmak, günün tamamını sana hediye eder."
day_7.mp3,"Uyandığında","Bugün pazar. Sakin ama uyanık bir gün; erken kalkan günün tadını çıkarır."
awake_reason.mp3,"Uyandığında","Ekrandaki hedefini unutma; bugün seni o bekliyor."
routine_start.mp3,"Uyandığında","Şimdi sabah rutinimize başlıyoruz. Telefonda gezinmek yok, her adımda ben yanındayım."
welcome_back.mp3,"Uyandığında","Tekrar hoş geldin [adın]! Bu sefer uyanık kalıyoruz. Kaldığımız yerden devam ediyoruz."
step_sit_up.mp3,"Rutin adımları","Doğrul ve ayaklarını yere bas. Önce yatakta doğrul, ayaklarını yere bas. Telefonu bırakma, benimle kal. Dik oturmak kan akışını hızlandırır ve tekrar uykuya dalmayı zorlaştırır."
step_light.mp3,"Rutin adımları","Perdeyi aç, ışığa çık. Şimdi kalk, perdeyi aç ya da ışığı yak. Mümkünse cama yaklaş ve gün ışığını gözlerine al. Sabah ışığı uyku hormonu melatonini baskılar ve biyolojik saatini güne ayarlar."
step_water.mp3,"Rutin adımları","Bir bardak su iç. Mutfağa ya da lavaboya git ve bir bardak su iç. Gece boyunca vücudun susuz kaldı. Su, zihinsel bulanıklığı azaltır."
step_cold_water.mp3,"Rutin adımları","Yüzünü soğuk suyla yıka. Yüzüne bol soğuk su çarp. Birkaç kez, cesurca! Soğuk su dalış refleksini tetikler ve uyanıklık sağlayan noradrenalini artırır."
step_move.mp3,"Rutin adımları","Bir dakika hareket. Bir dakika boyunca hareket ediyoruz: kollarını açıp esne, sonra yavaş yavaş squat yap. Ben süreyi tutuyorum. Kısa egzersiz kalp atışını ve vücut ısısını artırarak sersemliği hızla atar."
step_bed.mp3,"Rutin adımları","Yatağını topla. Şimdi yatağını topla. Böylece geri dönme cazibesi de kalmaz. Günün ilk küçük başarısı, sonraki adımlar için motivasyon yaratır."
step_breathe.mp3,"Rutin adımları","Derin nefes. Otuz saniye derin nefes alıyoruz. Burnundan dört saniye al, dört saniye tut, ağzından yavaşça ver. Kontrollü nefes zihni berraklaştırır ve güne sakin başlamanı sağlar."
step_intention.mp3,"Rutin adımları","Günün niyeti. Son olarak: bugün yapmak istediğin en önemli tek şey ne? Bunu kendine yüksek sesle söyle. Net bir niyet belirlemek, günün geri kalanında odaklanmayı kolaylaştırır."
hint_voice.mp3,"Rutin adımları","Bitirdiğinde bana ""yaptım"" de, bir sonraki adıma geçelim. Telefona dokunmana gerek yok."
hint_touch.mp3,"Rutin adımları","Bitirdiğinde ekrandaki ""Yaptım"" düğmesine dokun."
praise_1.mp3,"Adım geçişleri","Harika!"
praise_2.mp3,"Adım geçişleri","Çok iyi gidiyorsun [adın]!"
praise_3.mp3,"Adım geçişleri","Bir adım daha tamam. Böyle devam!"
praise_4.mp3,"Adım geçişleri","Mükemmel! Her adım seni biraz daha uyandırıyor."
praise_5.mp3,"Adım geçişleri","Bravo! Küçük kazanımlar büyük günler yaratır."
praise_6.mp3,"Adım geçişleri","İşte bu! Şimdi kendini daha zinde hissediyorsundur."
left_1.mp3,"Adım geçişleri","Sadece bir adım kaldı."
left_2.mp3,"Adım geçişleri","İki adım kaldı."
left_3.mp3,"Adım geçişleri","Üç adım kaldı."
skip_1.mp3,"Adım geçişleri","Sorun değil, bir sonrakine geçelim."
skip_2.mp3,"Adım geçişleri","Tamam, bunu atlıyoruz. Devam!"
skip_3.mp3,"Adım geçişleri","Olsun, önemli olan devam etmek."
timer_half.mp3,"Zamanlayıcı ve sesli komut yanıtları","Yarıladık, devam!"
timer_10.mp3,"Zamanlayıcı ve sesli komut yanıtları","Son on saniye!"
timer_done.mp3,"Zamanlayıcı ve sesli komut yanıtları","Süre doldu, harika."
pause_ack.mp3,"Zamanlayıcı ve sesli komut yanıtları","Tamam, bekliyorum. Hazır olunca ""devam"" de."
resume_ack.mp3,"Zamanlayıcı ve sesli komut yanıtları","Devam ediyoruz!"
idle_1.mp3,"Tekrar uyuma koruması ve erteleme","[adın], hâlâ benimle misin? Bir şey söyle ya da ekrana dokun."
idle_2.mp3,"Tekrar uyuma koruması ve erteleme","[adın], sessizleştin. Tekrar uyumadın, değil mi? ""Buradayım"" de."
idle_3.mp3,"Tekrar uyuma koruması ve erteleme","Hey [adın]! Yatağa geri dönmek yok. Sesini duyalım, ""buradayım"" de."
idle_ack.mp3,"Tekrar uyuma koruması ve erteleme","Harika, buradasın. Devam ediyoruz."
rering.mp3,"Tekrar uyuma koruması ve erteleme","[adın], tekrar uyuduğunu düşünüyorum. Alarmı yeniden çalıyorum!"
snooze_more.mp3,"Tekrar uyuma koruması ve erteleme","Tamam [adın], alarmı biraz erteledim. Ama bil ki ertelemek çoğu zaman daha sersem uyandırır. Bu sürede uyumaya çalışma, gözlerini açık tut ve esne. Bir erteleme hakkın daha var."
snooze_last.mp3,"Tekrar uyuma koruması ve erteleme","Tamam [adın], alarmı biraz erteledim. Ama bil ki ertelemek çoğu zaman daha sersem uyandırır. Bu sürede uyumaya çalışma, gözlerini açık tut ve esne. Bu son ertelemeydi, bir dahaki sefere kalkıyoruz."
final_all.mp3,"Kapanış","Tebrikler [adın]! Sabah rutininin bütün adımlarını tamamladın."
final_some.mp3,"Kapanış","Tebrikler [adın]! Adımların bir kısmını tamamladın. Yarın hepsini yaparız."
final_none.mp3,"Kapanış","Bugün adımları atladın ama uyandın, bu da bir başlangıç [adın]."
streak_on.mp3,"Kapanış","Serin devam ediyor, zinciri kırmıyorsun!"
streak_new.mp3,"Kapanış","Yeni bir seri başladı. Yarın ikinci halkayı ekleyelim."
closer_1.mp3,"Kapanış","Güne kazanan olarak başladın. Harika bir gün geçir [adın]!"
closer_2.mp3,"Kapanış","Bugünün ilk zaferi senin. Şimdi gün senin [adın]!"
closer_3.mp3,"Kapanış","Yarın sabah yine buradayım. Harika bir gün dilerim [adın]!"
closer_4.mp3,"Kapanış","Kendinle gurur duy [adın]. Bu enerjiyle güne başla!"
hello.mp3,"Tanışma","Merhaba [adın]! Ben senin sabah koçunum. Her sabah seni uyandıracağım ve güne birlikte başlayacağız."
